Workbook

Sheet Hierarchical (CLU3)
A1: Record | B1: Player | C1: Team | D1: Pos | E1: Games | F1: AtBats | G1: Runs | H1: Hits | I1: @2B | J1: @3B | K1: HR | L1: RBI | M1: BB | N1: SO | O1: SB | P1: CS | Q1: AVG | R1: OBP | S1: SLG | T1: OPS | U1: HBP | V1: SAC | W1: SF | X1: TB | Y1: CLU3_1
A2: 1 | B2: Abreu, J | C2: CWS | D2: 1B | E2: 145 | F2: 556 | G2: 80 | H2: 176 | I2: 35 | J2: 2 | K2: 36 | L2: 107 | M2: 51 | N2: 131 | O2: 3 | P2: 1 | Q2: 0.317 | R2: 0.383 | S2: 0.581 | T2: 0.964 | U2: 11 | V2: 0 | W2: 4 | X2: 323 | Y2: 1 | AA2: Cluster | AB2: Count | AC2: Games | AD2: AtBats | AE2: Runs | AF2: Hits | AG2: HR | AH2: RBI | AI2: AVG | AJ2: OBP | AK2: SLG
A3: 2 | B3: Ackley, D | C3: SEA | D3: LF | E3: 143 | F3: 502 | G3: 64 | H3: 123 | I3: 27 | J3: 4 | K3: 14 | L3: 65 | M3: 32 | N3: 90 | O3: 8 | P3: 4 | Q3: 0.245 | R3: 0.293 | S3: 0.398 | T3: 0.692 | U3: 3 | V3: 3 | W3: 2 | X3: 200 | Y3: 2 | AA3: 1 | AB3: =COUNTIF(Y$2:Y$144,AA3) -> 57 | AC3: =AVERAGEIF(Y$2:Y144,AA3,E$2:E$144) -> 153.35088 | AD3: =AVERAGEIF(Y$2:Y144,AA3,F$2:F$144) -> 591.22807 | AE3: =AVERAGEIF(Y$2:Y144,AA3,G$2:G$144) -> 84.824561 | AF3: =AVERAGEIF(Y$2:Y144,AA3,H$2:H$144) -> 168.35088 | AG3: =AVERAGEIF(Y$2:Y144,AA3,K$2:K$144) -> 19.649123 | AH3: =AVERAGEIF(Y$2:Y144,AA3,L$2:L$144) -> 79.684211 | AI3: =AVERAGEIF(Y$2:Y144,AA3,Q$2:Q$144) -> 0.28489474 | AJ3: =AVERAGEIF(Y$2:Y144,AA3,R$2:R$144) -> 0.35084211 | AK3: =AVERAGEIF(Y$2:Y144,AA3,S$2:S$144) -> 0.45254386
A4: 3 | B4: Adams, M | C4: STL | D4: 1B | E4: 142 | F4: 527 | G4: 55 | H4: 152 | I4: 34 | J4: 5 | K4: 15 | L4: 68 | M4: 26 | N4: 114 | O4: 3 | P4: 2 | Q4: 0.288 | R4: 0.321 | S4: 0.457 | T4: 0.779 | U4: 3 | V4: 0 | W4: 7 | X4: 241 | Y4: 3 | AA4: 2 | AB4: =COUNTIF(Y$2:Y$144,AA4) -> 66 | AC4: =AVERAGEIF(Y$2:Y145,AA4,E$2:E$144) -> 139.83333 | AD4: =AVERAGEIF(Y$2:Y145,AA4,F$2:F$144) -> 506.80303 | AE4: =AVERAGEIF(Y$2:Y145,AA4,G$2:G$144) -> 58.469697 | AF4: =AVERAGEIF(Y$2:Y145,AA4,H$2:H$144) -> 128.54545 | AG4: =AVERAGEIF(Y$2:Y145,AA4,K$2:K$144) -> 10.681818 | AH4: =AVERAGEIF(Y$2:Y145,AA4,L$2:L$144) -> 53.984848 | AI4: =AVERAGEIF(Y$2:Y145,AA4,Q$2:Q$144) -> 0.25360606 | AJ4: =AVERAGEIF(Y$2:Y145,AA4,R$2:R$144) -> 0.31531818 | AK4: =AVERAGEIF(Y$2:Y145,AA4,S$2:S$144) -> 0.37804545
A5: 4 | B5: Altuve, J | C5: HOU | D5: 2B | E5: 158 | F5: 660 | G5: 85 | H5: 225 | I5: 47 | J5: 3 | K5: 7 | L5: 59 | M5: 36 | N5: 53 | O5: 56 | P5: 9 | Q5: 0.341 | R5: 0.377 | S5: 0.453 | T5: 0.83 | U5: 5 | V5: 1 | W5: 5 | X5: 299 | Y5: 1 | AA5: 3 | AB5: =COUNTIF(Y$2:Y$144,AA5) -> 20 | AC5: =AVERAGEIF(Y$2:Y146,AA5,E$2:E$144) -> 139.45 | AD5: =AVERAGEIF(Y$2:Y146,AA5,F$2:F$144) -> 512.9 | AE5: =AVERAGEIF(Y$2:Y146,AA5,G$2:G$144) -> 69.4 | AF5: =AVERAGEIF(Y$2:Y146,AA5,H$2:H$144) -> 139.9 | AG5: =AVERAGEIF(Y$2:Y146,AA5,K$2:K$144) -> 21.3 | AH5: =AVERAGEIF(Y$2:Y146,AA5,L$2:L$144) -> 77.35 | AI5: =AVERAGEIF(Y$2:Y146,AA5,Q$2:Q$144) -> 0.2726 | AJ5: =AVERAGEIF(Y$2:Y146,AA5,R$2:R$144) -> 0.33995 | AK5: =AVERAGEIF(Y$2:Y146,AA5,S$2:S$144) -> 0.4643
A6: 5 | B6: Andrus, E | C6: TEX | D6: SS | E6: 157 | F6: 619 | G6: 72 | H6: 163 | I6: 35 | J6: 1 | K6: 2 | L6: 41 | M6: 46 | N6: 96 | O6: 27 | P6: 15 | Q6: 0.263 | R6: 0.314 | S6: 0.333 | T6: 0.647 | U6: 3 | V6: 9 | W6: 7 | X6: 206 | Y6: 2 | AB6: =SUM(AB3:AB5) -> 143
A7: 6 | B7: Aoki, N | C7: KC | D7: RF | E7: 132 | F7: 491 | G7: 63 | H7: 140 | I7: 22 | J7: 6 | K7: 1 | L7: 43 | M7: 43 | N7: 49 | O7: 17 | P7: 8 | Q7: 0.285 | R7: 0.349 | S7: 0.36 | T7: 0.71 | U7: 6 | V7: 8 | W7: 1 | X7: 177 | Y7: 2
A8: 7 | B8: Bautista, J | C8: TOR | D8: RF | E8: 155 | F8: 553 | G8: 101 | H8: 158 | I8: 27 | J8: 0 | K8: 35 | L8: 103 | M8: 104 | N8: 96 | O8: 6 | P8: 2 | Q8: 0.286 | R8: 0.403 | S8: 0.524 | T8: 0.928 | U8: 9 | V8: 1 | W8: 6 | X8: 290 | Y8: 1
A9: 8 | B9: Beltre, A | C9: TEX | D9: 3B | E9: 148 | F9: 549 | G9: 79 | H9: 178 | I9: 33 | J9: 1 | K9: 19 | L9: 77 | M9: 57 | N9: 74 | O9: 1 | P9: 1 | Q9: 0.324 | R9: 0.388 | S9: 0.492 | T9: 0.879 | U9: 3 | V9: 0 | W9: 5 | X9: 270 | Y9: 1
A10: 9 | B10: Blackmon, C | C10: COL | D10: RF | E10: 154 | F10: 593 | G10: 82 | H10: 171 | I10: 27 | J10: 3 | K10: 19 | L10: 72 | M10: 31 | N10: 96 | O10: 28 | P10: 10 | Q10: 0.288 | R10: 0.335 | S10: 0.44 | T10: 0.775 | U10: 13 | V10: 6 | W10: 5 | X10: 261 | Y10: 1
A11: 10 | B11: Bogaerts, X | C11: BOS | D11: SS | E11: 144 | F11: 538 | G11: 60 | H11: 129 | I11: 28 | J11: 1 | K11: 12 | L11: 46 | M11: 39 | N11: 138 | O11: 2 | P11: 3 | Q11: 0.24 | R11: 0.297 | S11: 0.362 | T11: 0.66 | U11: 8 | V11: 2 | W11: 7 | X11: 195 | Y11: 2
A12: 11 | B12: Brantley, M | C12: CLE | D12: LF | E12: 156 | F12: 611 | G12: 94 | H12: 200 | I12: 45 | J12: 2 | K12: 20 | L12: 97 | M12: 52 | N12: 56 | O12: 23 | P12: 1 | Q12: 0.327 | R12: 0.385 | S12: 0.506 | T12: 0.89 | U12: 8 | V12: 0 | W12: 5 | X12: 309 | Y12: 1
A13: 12 | B13: Braun, R | C13: MIL | D13: RF | E13: 135 | F13: 530 | G13: 68 | H13: 141 | I13: 30 | J13: 6 | K13: 19 | L13: 81 | M13: 41 | N13: 113 | O13: 11 | P13: 5 | Q13: 0.266 | R13: 0.324 | S13: 0.453 | T13: 0.777 | U13: 6 | V13: 0 | W13: 3 | X13: 240 | Y13: 3
A14: 13 | B14: Brown, D | C14: PHI | D14: LF | E14: 144 | F14: 473 | G14: 47 | H14: 111 | I14: 22 | J14: 1 | K14: 10 | L14: 63 | M14: 34 | N14: 91 | O14: 7 | P14: 1 | Q14: 0.235 | R14: 0.285 | S14: 0.349 | T14: 0.634 | U14: 1 | V14: 0 | W14: 4 | X14: 165 | Y14: 2
A15: 14 | B15: Bruce, J | C15: CIN | D15: RF | E15: 137 | F15: 493 | G15: 71 | H15: 107 | I15: 21 | J15: 1 | K15: 18 | L15: 66 | M15: 44 | N15: 149 | O15: 12 | P15: 3 | Q15: 0.217 | R15: 0.281 | S15: 0.373 | T15: 0.654 | U15: 2 | V15: 1 | W15: 5 | X15: 184 | Y15: 2
A16: 15 | B16: Butler, B | C16: KC | D16: DH | E16: 151 | F16: 549 | G16: 57 | H16: 149 | I16: 32 | J16: 0 | K16: 9 | L16: 66 | M16: 41 | N16: 96 | O16: 0 | P16: 0 | Q16: 0.271 | R16: 0.323 | S16: 0.379 | T16: 0.702 | U16: 5 | V16: 0 | W16: 8 | X16: 208 | Y16: 2
A17: 16 | B17: Byrd, M | C17: PHI | D17: RF | E17: 154 | F17: 591 | G17: 71 | H17: 156 | I17: 28 | J17: 2 | K17: 25 | L17: 85 | M17: 35 | N17: 185 | O17: 3 | P17: 2 | Q17: 0.264 | R17: 0.312 | S17: 0.445 | T17: 0.757 | U17: 8 | V17: 0 | W17: 3 | X17: 263 | Y17: 1
A18: 17 | B18: Cabrera, A | C18: WSH | D18: 2B | E18: 146 | F18: 553 | G18: 74 | H18: 133 | I18: 31 | J18: 4 | K18: 14 | L18: 61 | M18: 49 | N18: 108 | O18: 10 | P18: 2 | Q18: 0.241 | R18: 0.307 | S18: 0.387 | T18: 0.694 | U18: 7 | V18: 1 | W18: 6 | X18: 214 | Y18: 2
... A144: 143 | B144: Zobrist, B | C144: TB | D144: 2B | E144: 146 | F144: 570 | G144: 83 | H144: 155 | I144: 34 | J144: 3 | K144: 10 | L144: 52 | M144: 75 | N144: 84 | O144: 10 | P144: 5 | Q144: 0.272 | R144: 0.354 | S144: 0.395 | T144: 0.749 | U144: 1 | V144: 2 | W144: 6 | X144: 225 | Y144: 1

Sheet K-means (QCL1)
A1: Record | B1: Player | C1: Team | D1: Pos | E1: Games | F1: AtBats | G1: Runs | H1: Hits | I1: @2B | J1: @3B | K1: HR | L1: RBI | M1: BB | N1: SO | O1: SB | P1: CS | Q1: AVG | R1: OBP | S1: SLG | T1: OPS | U1: HBP | V1: SAC | W1: SF | X1: TB | Y1: QCL_1 | Z1: QCL_2
A2: 1 | B2: Abreu, J | C2: CWS | D2: 1B | E2: 145 | F2: 556 | G2: 80 | H2: 176 | I2: 35 | J2: 2 | K2: 36 | L2: 107 | M2: 51 | N2: 131 | O2: 3 | P2: 1 | Q2: 0.317 | R2: 0.383 | S2: 0.581 | T2: 0.964 | U2: 11 | V2: 0 | W2: 4 | X2: 323 | Y2: 1 | Z2: 50.69431 | AB2: Cluster | AC2: Count | AD2: Games | AE2: AtBats | AF2: Runs | AG2: Hits | AH2: HR | AI2: RBI | AJ2: AVG | AK2: OBP | AL2: SLG
A3: 2 | B3: Ackley, D | C3: SEA | D3: LF | E3: 143 | F3: 502 | G3: 64 | H3: 123 | I3: 27 | J3: 4 | K3: 14 | L3: 65 | M3: 32 | N3: 90 | O3: 8 | P3: 4 | Q3: 0.245 | R3: 0.293 | S3: 0.398 | T3: 0.692 | U3: 3 | V3: 3 | W3: 2 | X3: 200 | Y3: 2 | Z3: 24.79513 | AB3: 1 | AC3: =COUNTIF(Y$2:Y$144,AB3) -> 53 | AD3: =AVERAGEIF(Y$2:Y144,AB3,E$2:E$144) -> 146.35849 | AE3: =AVERAGEIF(Y$2:Y144,AB3,F$2:F$144) -> 545.49057 | AF3: =AVERAGEIF(Y$2:Y144,AB3,G$2:G$144) -> 70.169811 | AG3: =AVERAGEIF(Y$2:Y144,AB3,H$2:H$144) -> 148.30189 | AH3: =AVERAGEIF(Y$2:Y144,AB3,K$2:K$144) -> 17.792453 | AI3: =AVERAGEIF(Y$2:Y144,AB3,L$2:L$144) -> 71.471698 | AJ3: =AVERAGEIF(Y$2:Y144,AB3,Q$2:Q$144) -> 0.272 | AK3: =AVERAGEIF(Y$2:Y144,AB3,R$2:R$144) -> 0.33688679 | AL3: =AVERAGEIF(Y$2:Y144,AB3,S$2:S$144) -> 0.43360377
A4: 3 | B4: Adams, M | C4: STL | D4: 1B | E4: 142 | F4: 527 | G4: 55 | H4: 152 | I4: 34 | J4: 5 | K4: 15 | L4: 68 | M4: 26 | N4: 114 | O4: 3 | P4: 2 | Q4: 0.288 | R4: 0.321 | S4: 0.457 | T4: 0.779 | U4: 3 | V4: 0 | W4: 7 | X4: 241 | Y4: 1 | Z4: 24.99096 | AB4: 2 | AC4: =COUNTIF(Y$2:Y$144,AB4) -> 49 | AD4: =AVERAGEIF(Y$2:Y145,AB4,E$2:E$144) -> 135.30612 | AE4: =AVERAGEIF(Y$2:Y145,AB4,F$2:F$144) -> 480.7551 | AF4: =AVERAGEIF(Y$2:Y145,AB4,G$2:G$144) -> 58.346939 | AG4: =AVERAGEIF(Y$2:Y145,AB4,H$2:H$144) -> 122.20408 | AH4: =AVERAGEIF(Y$2:Y145,AB4,K$2:K$144) -> 12.714286 | AI4: =AVERAGEIF(Y$2:Y145,AB4,L$2:L$144) -> 56.632653 | AJ4: =AVERAGEIF(Y$2:Y145,AB4,Q$2:Q$144) -> 0.25428571 | AK4: =AVERAGEIF(Y$2:Y145,AB4,R$2:R$144) -> 0.32295918 | AL4: =AVERAGEIF(Y$2:Y145,AB4,S$2:S$144) -> 0.39542857
A5: 4 | B5: Altuve, J | C5: HOU | D5: 2B | E5: 158 | F5: 660 | G5: 85 | H5: 225 | I5: 47 | J5: 3 | K5: 7 | L5: 59 | M5: 36 | N5: 53 | O5: 56 | P5: 9 | Q5: 0.341 | R5: 0.377 | S5: 0.453 | T5: 0.83 | U5: 5 | V5: 1 | W5: 5 | X5: 299 | Y5: 3 | Z5: 76.87988 | AB5: 3 | AC5: =COUNTIF(Y$2:Y$144,AB5) -> 41 | AD5: =AVERAGEIF(Y$2:Y146,AB5,E$2:E$144) -> 155.41463 | AE5: =AVERAGEIF(Y$2:Y146,AB5,F$2:F$144) -> 608.26829 | AF5: =AVERAGEIF(Y$2:Y146,AB5,G$2:G$144) -> 85.463415 | AG5: =AVERAGEIF(Y$2:Y146,AB5,H$2:H$144) -> 171.46341 | AH5: =AVERAGEIF(Y$2:Y146,AB5,K$2:K$144) -> 16.707317 | AI5: =AVERAGEIF(Y$2:Y146,AB5,L$2:L$144) -> 75.341463 | AJ5: =AVERAGEIF(Y$2:Y146,AB5,Q$2:Q$144) -> 0.28178049 | AK5: =AVERAGEIF(Y$2:Y146,AB5,R$2:R$144) -> 0.33970732 | AL5: =AVERAGEIF(Y$2:Y146,AB5,S$2:S$144) -> 0.43109756
A6: 5 | B6: Andrus, E | C6: TEX | D6: SS | E6: 157 | F6: 619 | G6: 72 | H6: 163 | I6: 35 | J6: 1 | K6: 2 | L6: 41 | M6: 46 | N6: 96 | O6: 27 | P6: 15 | Q6: 0.263 | R6: 0.314 | S6: 0.333 | T6: 0.647 | U6: 3 | V6: 9 | W6: 7 | X6: 206 | Y6: 3 | Z6: 42.02651 | AC6: =SUM(AC3:AC5) -> 143
A7: 6 | B7: Aoki, N | C7: KC | D7: RF | E7: 132 | F7: 491 | G7: 63 | H7: 140 | I7: 22 | J7: 6 | K7: 1 | L7: 43 | M7: 43 | N7: 49 | O7: 17 | P7: 8 | Q7: 0.285 | R7: 0.349 | S7: 0.36 | T7: 0.71 | U7: 6 | V7: 8 | W7: 1 | X7: 177 | Y7: 2 | Z7: 27.88029
A8: 7 | B8: Bautista, J | C8: TOR | D8: RF | E8: 155 | F8: 553 | G8: 101 | H8: 158 | I8: 27 | J8: 0 | K8: 35 | L8: 103 | M8: 104 | N8: 96 | O8: 6 | P8: 2 | Q8: 0.286 | R8: 0.403 | S8: 0.524 | T8: 0.928 | U8: 9 | V8: 1 | W8: 6 | X8: 290 | Y8: 1 | Z8: 49.65649
A9: 8 | B9: Beltre, A | C9: TEX | D9: 3B | E9: 148 | F9: 549 | G9: 79 | H9: 178 | I9: 33 | J9: 1 | K9: 19 | L9: 77 | M9: 57 | N9: 74 | O9: 1 | P9: 1 | Q9: 0.324 | R9: 0.388 | S9: 0.492 | T9: 0.879 | U9: 3 | V9: 0 | W9: 5 | X9: 270 | Y9: 1 | Z9: 31.7331
A10: 9 | B10: Blackmon, C | C10: COL | D10: RF | E10: 154 | F10: 593 | G10: 82 | H10: 171 | I10: 27 | J10: 3 | K10: 19 | L10: 72 | M10: 31 | N10: 96 | O10: 28 | P10: 10 | Q10: 0.288 | R10: 0.335 | S10: 0.44 | T10: 0.775 | U10: 13 | V10: 6 | W10: 5 | X10: 261 | Y10: 3 | Z10: 16.2405
A11: 10 | B11: Bogaerts, X | C11: BOS | D11: SS | E11: 144 | F11: 538 | G11: 60 | H11: 129 | I11: 28 | J11: 1 | K11: 12 | L11: 46 | M11: 39 | N11: 138 | O11: 2 | P11: 3 | Q11: 0.24 | R11: 0.297 | S11: 0.362 | T11: 0.66 | U11: 8 | V11: 2 | W11: 7 | X11: 195 | Y11: 1 | Z11: 34.92888
A12: 11 | B12: Brantley, M | C12: CLE | D12: LF | E12: 156 | F12: 611 | G12: 94 | H12: 200 | I12: 45 | J12: 2 | K12: 20 | L12: 97 | M12: 52 | N12: 56 | O12: 23 | P12: 1 | Q12: 0.327 | R12: 0.385 | S12: 0.506 | T12: 0.89 | U12: 8 | V12: 0 | W12: 5 | X12: 309 | Y12: 3 | Z12: 37.08043
A13: 12 | B13: Braun, R | C13: MIL | D13: RF | E13: 135 | F13: 530 | G13: 68 | H13: 141 | I13: 30 | J13: 6 | K13: 19 | L13: 81 | M13: 41 | N13: 113 | O13: 11 | P13: 5 | Q13: 0.266 | R13: 0.324 | S13: 0.453 | T13: 0.777 | U13: 6 | V13: 0 | W13: 3 | X13: 240 | Y13: 1 | Z13: 22.78697
A14: 13 | B14: Brown, D | C14: PHI | D14: LF | E14: 144 | F14: 473 | G14: 47 | H14: 111 | I14: 22 | J14: 1 | K14: 10 | L14: 63 | M14: 34 | N14: 91 | O14: 7 | P14: 1 | Q14: 0.235 | R14: 0.285 | S14: 0.349 | T14: 0.634 | U14: 1 | V14: 0 | W14: 4 | X14: 165 | Y14: 2 | Z14: 20.92663
A15: 14 | B15: Bruce, J | C15: CIN | D15: RF | E15: 137 | F15: 493 | G15: 71 | H15: 107 | I15: 21 | J15: 1 | K15: 18 | L15: 66 | M15: 44 | N15: 149 | O15: 12 | P15: 3 | Q15: 0.217 | R15: 0.281 | S15: 0.373 | T15: 0.654 | U15: 2 | V15: 1 | W15: 5 | X15: 184 | Y15: 2 | Z15: 25.6858
A16: 15 | B16: Butler, B | C16: KC | D16: DH | E16: 151 | F16: 549 | G16: 57 | H16: 149 | I16: 32 | J16: 0 | K16: 9 | L16: 66 | M16: 41 | N16: 96 | O16: 0 | P16: 0 | Q16: 0.271 | R16: 0.323 | S16: 0.379 | T16: 0.702 | U16: 5 | V16: 0 | W16: 8 | X16: 208 | Y16: 1 | Z16: 17.74939
A17: 16 | B17: Byrd, M | C17: PHI | D17: RF | E17: 154 | F17: 591 | G17: 71 | H17: 156 | I17: 28 | J17: 2 | K17: 25 | L17: 85 | M17: 35 | N17: 185 | O17: 3 | P17: 2 | Q17: 0.264 | R17: 0.312 | S17: 0.445 | T17: 0.757 | U17: 8 | V17: 0 | W17: 3 | X17: 263 | Y17: 3 | Z17: 30.17548
A18: 17 | B18: Cabrera, A | C18: WSH | D18: 2B | E18: 146 | F18: 553 | G18: 74 | H18: 133 | I18: 31 | J18: 4 | K18: 14 | L18: 61 | M18: 49 | N18: 108 | O18: 10 | P18: 2 | Q18: 0.241 | R18: 0.307 | S18: 0.387 | T18: 0.694 | U18: 7 | V18: 1 | W18: 6 | X18: 214 | Y18: 1 | Z18: 20.72152
... A144: 143 | B144: Zobrist, B | C144: TB | D144: 2B | E144: 146 | F144: 570 | G144: 83 | H144: 155 | I144: 34 | J144: 3 | K144: 10 | L144: 52 | M144: 75 | N144: 84 | O144: 10 | P144: 5 | Q144: 0.272 | R144: 0.354 | S144: 0.395 | T144: 0.749 | U144: 1 | V144: 2 | W144: 6 | X144: 225 | Y144: 1 | Z144: 35.35803

Sheet Compare
A2: Hierarchical Clustering (Ward's Method) | D2: K-Means Clustering
A3: Cluster | B3: Count | C3: Avg Runs | D3: Cluster | E3: Count | F3: Avg Runs
A4: 1 | B4: ='Hierarchical (CLU3)'!AB3 -> 57 | C4: ='Hierarchical (CLU3)'!AE3 -> 84.824561 | D4: 1 | E4: ='K-means (QCL1)'!AC3 -> 53 | F4: ='K-means (QCL1)'!AF3 -> 70.169811
A5: 2 | B5: ='Hierarchical (CLU3)'!AB4 -> 66 | C5: ='Hierarchical (CLU3)'!AE4 -> 58.469697 | D5: 2 | E5: ='K-means (QCL1)'!AC4 -> 49 | F5: ='K-means (QCL1)'!AF4 -> 58.346939
A6: 3 | B6: ='Hierarchical (CLU3)'!AB5 -> 20 | C6: ='Hierarchical (CLU3)'!AE5 -> 69.4 | D6: 3 | E6: ='K-means (QCL1)'!AC5 -> 41 | F6: ='K-means (QCL1)'!AF5 -> 85.463415
B7: =SUM(B4:B6) -> 143 | E7: =SUM(E4:E6) -> 143
A9: The hierarchical model produces uneven cluster sizes (57, 66, 20), suggesting natural player tiers. K-means produces more balanced clusters (53, 49, 41). The hierarchical clustering better captures the true performance hierarchy in baseball data.
